person_age,person_gender,person_education,person_income,person_emp_exp,person_home_ownership,loan_amnt,loan_intent,loan_int_rate,loan_percent_income,cb_person_cred_hist_length,credit_score,previous_loan_defaults_on_file
0.0,0.004214700863591325,0.0073865558266564164,0.021398025641867584,0.00764789680159169,0.0,-0.02504216847341623,-0.03101794753615169,0.07257869917245184,0.05143717823532624,0.0,0.10805156513858594,0.19241793652892603
0.0,0.0,0.0,-0.004226120618896347,-0.0009527028992509234,0.005941623196310569,0.017988069448334778,-0.02964341486664702,-0.08340598469559232,-0.08177840975194825,-0.0014241834220218978,-0.00367735161689558,-0.3077888999512537
0.012884752603358848,0.0,0.0,-0.014698542987356336,-0.06641470116005711,0.016091000471546216,0.0,-0.018235264134567226,0.07424830657724153,-0.11855059312198254,0.016022591625605768,-0.05493959301691175,0.12846330440764578
-0.015313853744102547,0.0,0.004674502435108654,0.056604187080201825,0.003185277354088023,0.03958576421129459,-0.03257211328801659,-0.05951182872611324,0.0,0.16484287453951532,0.0,0.01575999782393751,0.17313179533733772
-0.007334297942084733,0.007882120163994673,0.0,-0.014517688074216417,0.0,0.03428320876393138,-0.0075859381076880126,-0.052141039218817,0.22868850724807424,0.10370806344312541,0.0,-0.04161930905965904,0.1841941984933583
0.0,0.0,0.018419078078774256,0.0,-0.018707310184581844,-0.02352379871143989,-0.009978179465336388,-0.018387499418634757,0.3523010818502986,-0.040752246006559086,-0.0034814582538407746,-0.04447845880482964,0.17217530028858283
0.0,0.0,0.0,0.004646511909546744,0.007916225467026161,0.005749674879875836,0.011316098707649923,-0.00898376771203277,-0.052210908558741324,-0.05307803955015393,-0.002971939504403054,0.026826824253906017,-0.42817805550330296
-0.009817871173506743,0.0,-0.013154325548412183,0.0,-0.0820329645898715,0.0,0.06051724829670926,-0.030035812048744042,-0.09449206144053421,-0.21268916656429124,-0.01829283506491098,-0.05031560217061316,0.09500060911493208
0.03548484054970124,0.018893979774484926,0.027511712620892484,0.0,0.0,-0.10181352807965241,0.025412785147706243,0.09890534100986731,-0.05580669725688002,0.12587468748243894,0.0,-0.059328608044744414,0.15801245721293067
0.0,0.0,0.0,-0.048756195551374934,-0.017688849589767366,-0.03288270592754864,0.010407172635068929,-0.07796717897114536,-0.08935483884374124,-0.1348951624599867,0.006496352486380974,-0.04667387777015828,0.07858043349188801
-0.02207330372812044,-0.009680572552698812,0.006924885027059915,-0.03765272268362946,0.023001013761204375,0.0,0.0,0.06196725355870222,0.1675455293147013,-0.11050765651881088,0.0,0.006206669114785041,0.1634749542937786
0.0,0.0,0.0,-0.012721355040408876,0.022482980888445754,0.00897468372211041,0.028717203600922808,-0.05236897209745441,-0.2190308416096692,-0.16139950792828395,-0.013969585674478913,-0.033746999779213485,0.07890439311666558
0.0,0.0,-0.010039272762753015,-0.022540509924544132,0.022301158165725133,-0.049108464577086355,-0.017161437380852372,-0.046571082811063126,0.30256717588218773,0.01731045112300329,0.0,-0.034623819376945565,0.17105765676077495
0.0,0.0,-0.005751767940061906,0.04884357848099361,-0.0029838821570385976,0.022384626588792464,0.037502500035131225,-0.023693114692539416,0.1407462637140548,-0.060978553818015015,0.0,-0.03428783538569491,0.1662297195330781
-0.010033077291949882,0.0,-0.005848301037658127,0.0,0.025388699097810018,-0.06876339940062631,-0.020681186843879422,-0.015520650975822005,0.0873684272880946,0.015027696645830237,0.0,-0.060278746408914737,0.15236803684019837
-0.012877530298557444,0.008191938930174504,0.0,-0.012390106426688025,0.01906511198975768,0.04680871842385902,0.0,-0.007592070339310364,0.13150623331657582,0.09674438524754687,0.0,-0.04487451935605208,0.17790056999969028
0.0,-0.011740732477715139,0.040305088937579565,-0.006601297144776169,0.04676024038103968,0.0,0.012273509483778179,0.05229040109771501,-0.1806284421692679,-0.10663412380938762,0.0,-0.01349466527143627,0.10709133373540694
0.0,0.0,0.022191684534735082,0.007895798478317673,0.025408236232821332,0.07110539632801852,-0.0396945947516345,-0.030670045924072444,-0.10213309109575137,0.3444481415078384,0.0,0.009479695391915328,0.1676017283179199
-0.004549395161993022,-0.0023715443332632535,-0.002878748720064169,0.0,0.009067393527122432,0.006080059708324944,0.004651204247318362,-0.016004336833037532,0.034272118144333584,-0.04297299952590627,0.0,0.0,-0.4742611266634644
0.03972341459125618,0.0,0.0,0.017148389343928726,-0.04093152918428902,0.0244968319063833,0.0,-0.053264201923459556,0.13471034663402232,-0.010835291513610056,-0.011442022367222388,-0.035012383678834316,0.15969054210066563
0.0,0.0,0.004612983546897044,0.03193495031650722,0.013699597161286594,0.03762615751792918,-0.008970406195630387,0.008114143785770817,0.017165270534688512,0.23092375504790594,0.0,-0.022243665720155643,0.19767559667969387
0.0,0.0,0.006930424236133677,0.013426534413392007,0.006001564195513927,0.007389843976062641,0.04033810828110483,0.0,0.03928735737043358,-0.12807994747091747,-0.006591487628598597,0.012523657603973348,0.14878166277698818
0.0,0.0,-0.004180453096873741,-0.013626425746500529,0.005544206001375771,0.006685078601259229,-0.004132046094006416,0.03041617438876142,-0.036304562780994795,-0.05660778653130764,0.002379436165594273,0.0,-0.419140996517937
-0.0017263189055498095,-0.0014984651961961815,0.0,-0.012467587237146667,0.0,0.009675907142914941,-0.01343508427972697,-0.027238315330599294,-0.014878817998627444,-0.01736640112632466,0.0,-0.006384197936009594,-0.4036480947430392
0.003336335024784386,0.0,-0.004838724202386296,-0.006966006071428528,0.0,0.0033260276430774616,-0.007229591546704028,0.030247654216681703,0.01159199783239066,-0.029759925492414567,0.0026292720257381497,0.0,-0.49130441504036826
0.016435220820339852,0.0,0.0,0.019684266710577884,-0.009529375588154919,0.02387238601438971,-0.008155015160655532,-0.012707942297122935,0.10865553545515426,0.140597262856414,0.0,0.016857858187524933,0.21494751417526603
-0.009711091344576539,0.0,0.002894345811720156,-0.021110271864040814,0.01439170601269115,0.028007653185221134,0.011381775327561754,-0.03168931617189648,0.14695643072067083,0.14050398208999693,0.0,0.0,0.18223128795661714
0.0,0.0,-0.045803093765406554,0.07432626874122973,0.0,-0.03932213033154551,0.057367403703291985,-0.10318649643099934,-0.262185493721984,-0.03359168226698651,-0.004201771759243911,-0.08219811732850404,0.09276314769146365
0.010724613942816036,0.0,0.0,0.01461548139306668,-0.010044117082701809,0.0,0.02033678028045964,0.06779938805643067,0.21284881730432267,-0.08272783468377927,0.009487768467003032,0.024209703184234915,0.19509903583754612
0.05239479608438851,0.0,0.0,0.02023933242835013,-0.04630237150322606,0.06060261104437089,-0.018752150515170873,-0.0547748523701808,-0.02602653040226623,0.27088977097379546,0.0,0.029262124176578395,0.17644089493430956
0.03337087043402971,0.0,0.0,0.04365052028557257,-0.029295821669566728,0.018593051459986656,-0.026487140493229526,0.009890640434036646,0.07612434343610974,0.13528379197613277,0.0,-0.026529700632860656,0.1878708323007915
0.008054136860456843,0.0,-0.01204113093335283,-0.02330746678702061,0.0,-0.028429827811656604,-0.008615350848205194,0.06181676360675671,0.1870832647359244,0.07665298689381901,0.0,0.04560888582429454,0.2042098860111959
0.0,0.0,-0.008885356821074566,0.008238031140764612,-0.012564679099099732,0.009542260307856635,0.019092396771233436,0.01545576856052103,0.022251664959329273,-0.11620297835663876,0.0,-0.013758133307783665,0.1457102560120028
-0.010263844022648159,-0.003470669403266957,0.014417946161399301,0.024399584620618746,0.0,0.0,-0.022076882206180582,0.061386337288015236,0.02819978976507476,-0.03160256157253564,0.0,-0.0038246495672080863,0.1620193906478793
0.003459837851057981,0.0030794592399722154,0.0,0.0,0.008386855506826536,0.02358933155023019,-0.01541951635019397,-0.006591251300284038,0.12407971386881601,0.17470024164285705,0.0,-0.010229767517464022,0.20584778177194232
0.0,0.0,-0.004590413846130729,-0.007651267550187177,0.003643790735874064,-0.02019800093260521,-0.016435157037990693,-0.003076261560762309,-0.030705308911110098,0.006535291484712754,0.0,0.03049771383999165,-0.44698776183242167
0.0,0.0,-0.014701785229424901,-0.012775857403031051,-0.008980632836258927,0.0,-0.010261331076209374,0.10340254807761329,0.18925076638378974,-0.08859435485600228,0.00940595945989725,-0.03881078940655206,0.16651985611258507
0.015945164600515538,0.0,-0.02056193251077002,-0.015673343763189494,-0.011583963770906763,0.0,-0.014829047911590638,0.1054640502436582,0.0178681961915507,-0.05041502883098131,0.0,-0.02454435367234272,0.1413595750403863
0.0,0.0,0.006736560648158415,-0.019596639661483367,0.0,-0.020686374902685056,-0.013616246098886174,0.03790731691499949,-0.09374771978148287,0.005573429550212679,-0.0020090501395049845,0.0014906555783106845,-0.3910193077182682
0.0,0.0,-0.0068650714005855035,0.023158301526596314,0.011290132863626502,0.07031415076072892,-0.012607782306039804,0.009177051090795607,-0.009854847647023796,0.2282981367270896,0.0,0.0020976411193130984,0.1952013542780081
0.0,0.0,-0.00624462240925252,-0.005699283594685746,0.01051518500995302,0.012043239339425265,0.0,-0.06230180764498211,-0.255650870003964,-0.1004033420483993,-0.011289700855177729,-0.04588111866020961,0.07186988149161434
-0.012907839555474527,0.0,-0.014509487248861655,0.0,0.014708468663074951,-0.12112769868544966,-0.06292175756092482,-0.017743162496927745,-0.0467151188233098,0.08210281860175801,0.0,0.08423071538274449,0.15403415821204555
0.0,0.0,0.0,0.030199803617282833,0.008675071087557738,0.0399644178898037,-0.033676036697351704,-0.05564840920919956,0.03701736179838737,0.13075643835076106,0.007907413021244813,-0.033880262474611414,0.16422660502826184
0.0,-0.0012389810784033117,-0.005062606391838094,0.0,-0.002924654056434652,-0.00787868780822176,0.017528270218292213,-0.01845189959615366,-0.030621665804238033,-0.05112910590080244,0.0,0.0684360682104948,-0.4576241134033244
0.0,0.0,-0.02329428145578121,-0.04510103075340326,-0.006039202352144201,0.0,-0.040200158395629376,0.07667753182458584,-0.24140647414051208,-0.09262330254859653,0.006778351384201131,-0.02993792135453997,0.09247207342100504
-0.009211219060174247,0.0,0.0,0.002138434409770628,0.0,0.03979587638122884,-0.010534870540118405,0.04109301400979756,0.01874901858674221,0.24078574698303204,-0.003125324708996735,-0.004555294313464689,0.1934661479950995
0.0,0.0,0.003224220313865153,0.005195587120619815,0.0,-0.013709210291037293,0.01704400843792885,0.006697735680468253,-0.08792232984791595,-0.0590507504286863,-0.00134075666772987,-0.019461911223763954,-0.3396439687043781
0.0,-0.03165017771504478,0.0,0.012993768246792315,0.019700571281781706,-0.1095003692713411,-0.04418356658715791,0.014321630692102114,-0.058591898788732666,0.08843905866910681,0.0,0.015321430393199418,0.15230064956796888
0.0,0.0,0.011208817729854381,-0.03079834751967301,0.0,-0.026146275636899932,0.017715215638011005,-0.018661051837158014,0.07247166418981835,-0.13108477891774561,0.016546585967319664,0.0951355615483671,0.14974135644601308
0.0,0.0,0.0,-0.01233845656020476,-0.009631591054579886,-0.015476973207626856,0.007005931634354867,-0.013168992095873262,-0.09065995577403983,-0.055329511399300875,0.008804334544471562,0.028386744802072792,-0.3365589064999032
-0.008847696202686184,0.0,0.0,-0.005133380988985636,0.010016387179423762,0.06217219123130738,-0.007695500979663858,-0.020455213095672192,0.1267089059363572,0.18290430982871694,0.0,-0.026441008185558394,0.19486792209700934
0.0,-0.009106870303871802,0.0,-0.00927363142358961,-0.004243795368471582,0.017966835422584714,-0.003054135605727648,-0.029752820740863755,0.23449910822151324,-0.06938650800259022,0.0,-0.05201348314383014,0.1595933460762523
-0.02184268419023215,0.0,0.0,0.0,-0.02824413439935978,-0.02108265986944534,0.07963560221962733,-0.03681177736326431,-0.09634270627918458,-0.11544505007993101,0.09001023581188038,0.0809513307801699,0.12832293985841434
0.0,0.0,-0.009804248846662124,0.023138353621586078,0.022089167298281802,0.008445642895055746,0.0789889934751288,0.02461991899467872,-0.04830543979707972,-0.18125066519964958,0.0,-0.03590629651562176,0.1281307879888754
0.0,0.0,0.005255661617021845,-0.047245223490677606,0.00873745694207552,-0.022718319922266837,-0.016769313553848416,0.0,-0.24262663464097606,-0.10920175544756971,-0.00840147601207522,-0.044365467048061887,0.07267040445233315
-0.006415585000951329,0.0,0.0,0.0034513038916489866,0.008373599083539109,0.021159641237779376,-0.02197600209533786,-0.00588822674417655,0.10683183803602164,0.1409231562285534,0.0,0.048893709156118535,0.21564497753007433
0.004844285760878114,0.0,-0.048093605938228874,-0.05395949738478016,-0.013704160737325331,0.0,0.030837471060372948,0.013435474868116427,0.01380119605946326,-0.10338433794171177,0.0,0.1772567371959794,0.15757209620994275
0.0022227954313565313,0.0013831268010238197,0.002906062035257528,0.0014409802953252449,0.0,0.07662975502543781,-0.013616193010233847,-0.01683959055722871,0.032454654802309385,0.23173964289503568,0.0,0.0,0.19252059620316117
0.0,0.008730326245895871,0.0,0.018992960631378855,0.005461135615711987,0.04509715386235125,-0.03112654885849823,-0.02489498707441287,0.06641639907384576,0.1179323732894356,0.0,-0.038917148530648885,0.17357477246646455
0.0,0.0,-0.0031644830068200598,-0.012599270342950664,0.0,-0.016682685011339682,0.01727920550608527,0.007652904341105138,-0.10699525084976995,-0.06691975193167451,0.005422599823463785,0.002870508364297475,-0.31583115250302624
0.0,0.0,0.022565075960011362,0.03905128834737014,0.007860615008729678,0.008466489220384421,0.11369233415344378,0.026576606278775484,-0.12713214179943336,-0.1828705787121886,0.0,0.02024545724360325,0.13069595078797863
0.0,0.0,0.006132622605131732,0.004068739596227056,0.009177754909378562,-0.017932912950865274,-0.010634195505591226,-0.021082391371695007,-0.025408345044122156,0.0324067211307899,0.0,0.08154035724279593,-0.547235726222679
-0.017997300475419677,-0.01558976530710401,-0.006128478360842904,-0.029870680667770905,0.0,0.0,-0.044472163589352,0.0,0.015547132063646036,-0.05035693802596745,-0.009552726735203004,0.06747524843080863,0.15009676915588005
0.01965379608680139,-0.007761603546915505,0.0,-0.008860709738707924,-0.0576178929262206,0.023577197215115475,0.0,-0.012935406080859718,0.08291791569035786,-0.1297428581757269,0.02071889384225333,0.0,0.12920176412257736
-0.004490684558641822,0.007063450900339971,0.004071265009555111,-0.0056813319317548655,0.02000305719242371,-0.009598164989630004,0.0,0.0,0.0626601995115883,-0.07450752370159605,0.0,0.06253146380731651,0.1639122023729448
0.0,0.0,0.021722317274917045,0.06227004585785668,0.0033862408649647235,0.019687832570699067,0.005595118803936095,0.03112812136957088,-0.19041126105444708,0.011396653150877437,0.0,-0.0217429876881468,0.13380776655914986
0.009270320707021783,0.0,0.0,0.01556971246606361,-0.01116621186764799,0.010972808675688691,-0.016957786496026844,0.07110413341656938,0.11674422835399059,0.049838171992738496,0.0,0.019370276481579945,0.19482342629064908
-0.0039763834224215144,0.0,0.0016309728498143466,0.060908414475046364,0.00566166195438323,0.0,0.023523466400805364,0.01774743204220905,-0.033387898006541496,0.01921511247929981,0.0,0.16605503103172686,0.1963388689597434
0.0,0.0,-0.007068691288673756,-0.008747041337532464,0.004141543947351667,-0.006458163906697909,0.004280428953694789,0.005268774514617764,-0.007969702974482061,-0.04189026614302038,0.0,0.06633875010466198,-0.49686300748054907
0.004326708566838311,-0.0012849147061132242,-0.002656252881061867,-0.0043862645370447055,0.0,0.008674001514143145,-0.008125072040175424,-0.017269603200487867,0.0,-0.019861016537705754,0.0,-0.01415586295029299,-0.434229098838729
-0.018860739486294718,0.0,0.0,-0.020156454016969378,0.022296990252908155,-0.022168388789521543,-0.018298987354207128,0.06981378812299383,0.0,-0.0495331398591035,-0.013410992768460374,-0.035841895355642334,0.14531091574297178
0.0,0.0,-0.00359400917695579,0.0,0.0050748786196199965,-0.024119533053789746,-0.010167431218801645,-0.001916641768050624,-0.04837377196462312,0.009877858477273366,-0.0006203355277269451,-0.01438355417286896,-0.40074483582470594
0.0,0.0,0.0,-0.00583621047997579,-0.01408653444333804,-0.1065955041828317,-0.03752256459447861,-0.04158276930320672,0.08379380649025016,0.11963259307708658,0.008577312658711306,-0.0454216819501138,0.15697790894023478
0.0,0.0,0.0027938754368583133,0.018484090850682144,0.0,0.0053141091143001085,0.037490561655815144,0.008162706853117513,-0.057570091156714576,-0.08140019423373486,-0.0012199221712669295,0.009894245928885919,-0.4309167578885721
-0.014602328546571244,-0.0078030370171910945,0.0,0.009304955987079623,0.01656703868256881,0.016980758215846558,0.0,0.0,0.1856722413718458,-0.019567672939219228,0.004994375296745032,-0.01524989585367592,0.17654027635396005
-0.011100450493350771,0.0,-0.011958252993987138,-0.007695282421496086,0.0,-0.02070367633013816,-0.03056424630608257,0.02620158527001359,0.2192071400066699,0.1497991797137161,-0.007956309953304985,0.0,0.2058029378973306
0.04327742279014262,0.0,0.0,0.0,-0.01651785612403914,0.04418708112287061,-0.014700747040522488,0.04592114521419191,-0.08501912418949466,0.24049348171252774,0.01429180080542636,0.04992880995641496,0.18843932075510333
-0.0019089230874165734,0.0,0.003679975918403113,0.0,0.0017460803056715268,0.006409018561802441,-0.006135894899104109,-0.023714997813618077,0.011551357837164152,-0.024460622178978802,0.0,0.03540058459223187,-0.4915339548467849
0.0,0.0,-0.013129354527151735,0.0,-0.011179185731216356,-0.06231716043481891,-0.036837467697187515,-0.041096390309069565,0.15324619610645376,0.05275449336086681,-0.006997054713414996,-0.019310172595301767,0.16329550475894627
0.0,0.0,0.0033545209533728526,-0.0151403083787485,0.0,-0.0203880339555601,-0.00312564419996725,-0.00734181770018172,-0.023587249679101783,-0.05373445460786495,-0.00357921839201405,-0.016934225375542344,-0.34849094427502153
-0.0008869605068196331,0.0,0.0,-0.0007402705635835844,0.0,-0.01528325318878871,-0.004605856433657757,0.007653262069196274,-0.030363685902052392,-0.020474333148029263,-0.00034267853947500537,-0.010501133508637578,-0.41342246588878173
-0.0034097967628591483,0.0,-0.012467378487756857,0.0,0.0,0.001789901170713374,0.04936384957699467,0.06683476076083615,-0.035742620172131895,-0.15527445110141544,-0.005707242049215985,-0.027114724392159815,0.13355980294673783
-0.006374861260660807,0.0,0.0,0.0028188128439328164,0.010356064288071617,0.024762368135089172,-0.018085048419830035,-0.00887041830491332,0.1313734777827727,0.1434007160090586,0.0,0.01836288399873193,0.213284099364115
0.0,0.0,0.0,-0.02105222111381497,0.005245025545383586,-0.02867556109563552,-0.007207977264761092,-0.0648683126876808,-0.08451814563859343,-0.09344663973665986,-0.01847919559309037,-0.058134554307857564,0.09352130291217702
0.0,0.0,0.02942940425810153,0.03531341287747854,0.003717050240573838,0.01011284713273795,0.03746399670313564,0.018559403918881,-0.0460685550399555,-0.09209018434416574,0.0,0.03908371786399107,0.1533856190659458
0.0,-0.009828210128477054,0.0,-0.02893370255731352,-0.041724529838364055,0.017288624008870768,-0.04391641429387357,0.0,-0.06092884932552346,-0.04975836846717079,0.018202817067558337,-0.021492415289289465,0.11629694725317559
-0.003215382720172922,0.0,0.003945135060639833,0.0,0.007357437356412219,-0.04349043967635451,-0.013222396946896217,0.007493933074965357,-0.0784436707584792,0.06749154853519079,0.0,0.0027608372060370923,-0.43964437674197193
0.0,0.0,0.004037668400452832,-0.016230536535579522,-0.0065321361033786225,-0.017166262635866795,-0.011198140969561399,-0.004129802306430922,-0.10909852872186793,-0.04220076217264035,0.0,-0.00707394473333894,-0.27937492983241774
0.0,0.0,0.0,-0.015053500352036526,0.006801170039472282,0.008881043810991003,-0.006489431607329525,0.009182447203682241,-0.030527802945962832,-0.06500104516721715,-0.0061924455900038075,0.006972884357092054,-0.3975406953593171
-0.0028307707752253126,0.0,0.0035246660838896735,0.013675055362713089,0.0,0.006369436221468921,0.0,-0.029573716031475333,-0.0799588382318597,-0.014054828000220483,-0.002191764194780177,0.03771849463949468,-0.42164511068463484
0.0,0.0,0.0,-0.018953363910411494,0.001822613463681677,-0.01661151790451351,0.014527625846101398,-0.0022067234673051,-0.11407251640963346,-0.06684056729590963,-0.0011416440480577186,-0.0065438644367137085,-0.2789474174478679
0.0,0.0,-0.013721093906899785,0.034010142875325146,0.011259233486656355,-0.034128759408521475,0.031018270703586773,0.023127592567203432,-0.08955447172952428,-0.028967223147343134,0.0,-0.05117098652517125,0.12995939657443112
0.0,0.0,0.0,-0.004347962856792751,-0.0160497418393786,-0.015397975017495857,0.01833368906519143,-0.03328650610049308,-0.03928295839714258,-0.06798748374044056,0.013041310163531272,-0.018828391090686607,-0.325161355796922
0.0,0.0,-0.004434270148073584,-0.005680437578345567,0.00733316822522434,-0.014932996868380587,0.026212398276607873,-0.027492888616411384,-0.11658143426155618,-0.07288004989459344,0.0,-0.021667613961173685,-0.2588432507839272
-0.03062789778161477,0.0,0.026008835270608942,0.03502747384099181,0.03139128991934281,0.06522914262736065,-0.029009898123044855,-0.011138221591862008,-0.1456338620295923,0.30829877973588826,0.0,0.0,0.16890422027992844
0.0,0.0,-0.00509598671219863,-0.012816706318561334,0.011357792065007767,0.0,0.01760622463960361,-0.02548442063457224,-0.14777772042469212,-0.13891336998611506,-0.014890938946770073,0.02342162159349636,0.10458616324617612
0.0,0.0,-0.013463807351667701,-0.009547869741117525,0.023668874166344195,-0.021814752079383885,0.0,0.0834143227994121,-0.1926526932595733,-0.0872976693431393,-0.02305475893006368,-0.023912873553887052,0.10849960443665813
0.00456052330778849,0.0,0.0,-0.011145654341724457,-0.007792407206920795,0.0044401390114209936,0.003943374814558753,0.033312823478338804,-0.03558829871380987,-0.06533601660445348,0.0,-0.007019293736145934,-0.4083425656196819
0.0,0.0,0.008599260097025552,-0.10662917466074343,0.0,0.019999192470316448,-0.051749368414979735,0.02824639008129081,-0.17673873517153493,0.025013136222343704,-0.014809521316801742,-0.04172268270297016,0.11000926434204937
0.0,0.0,0.027250205975278254,0.039424971903194383,0.015961143120635884,-0.008912158538885884,0.06447443900465263,-0.01648755545174026,0.16934613589331732,-0.08571598374945497,0.0,-0.01715518921396865,0.17006644023729645
-0.012189851701893696,0.008571327261773851,-0.00456705798439494,0.015083477656966526,0.012683580920956972,0.003940836901540064,0.0,0.046965007801427754,0.2111807983103438,-0.005378404223712736,0.0,0.0,0.1991905269771857
0.04109638691567073,0.010703316702572673,0.0,-0.00943060669502055,0.0,-0.0941180005742871,0.013005238412257496,0.11646416595707425,0.01772126086881173,0.05869327360065229,0.0,-0.021091918239953288,0.173324919467044
-0.0029079192235400564,0.0,-0.0037844429501366628,-0.0239491534628834,0.0,-0.015278880003811095,0.0,0.036636540677390673,-0.03709928418187555,-0.05364691933608816,-0.005047325879606341,-0.015524484588444565,-0.36836550666163437
0.0,0.0,0.0,0.02373379979155772,0.00868342199440322,0.038353186969615226,-0.03065264687008754,0.0361149177808251,-0.06455592951645968,0.2360072067589684,-0.00876228829117709,0.07530293696471504,0.1966250921521945
0.0,0.0,-0.032537470643544786,-0.015046920539737496,-0.050062823689661286,0.037823323156235066,-0.10144783079922137,-0.0418662053032606,-0.14841157209293868,0.2999264585012135,0.0,-0.02939002741029546,0.14736303549192323
0.019685045929906768,0.005638000043973523,0.0,0.01616866947215818,-0.024351736669140703,0.03476795600523667,-0.017989047274711872,-0.04792374332726639,0.14038085517303017,0.13947946212640133,0.0,0.0,0.1928222906830679
0.0,0.0,0.03216462078598383,0.037671312660717875,0.013298558452769322,0.008845537691926725,0.06449319184953675,-0.03796645385160699,-0.043236014793349604,-0.1201146422481066,0.0,0.01184237279164076,0.13849784706639903
0.0,0.0,0.0,0.005385063628667174,0.009049789555985155,-0.00713797221228585,0.0209390938720541,-0.026904390992944657,-0.024650529557819233,-0.0623206253274071,-0.0037099790360274887,0.007373009576797194,-0.40699083511764866
0.0,0.0,0.0,-0.009810203422980336,0.005895551757051365,-0.02634426818565102,-0.010656093056425914,-0.036752699096609054,-0.046820960677391416,-0.04961972849740341,-0.005690028575186756,-0.01939409532539697,-0.289774712492845
0.022369748882838984,0.0,0.0,0.02846961489506132,-0.024619817150746945,0.014671743337871364,0.019872959103887325,0.010192263687219458,0.20445007028192957,-0.049064846058051226,0.0,-0.008160199293054005,0.18231349810607075
0.0,0.0,-0.0010864702366944479,-0.01005508101593375,-0.003994765442823276,0.006671681105055489,-0.00415405879097702,-0.002499099478298123,-0.0780072918321118,-0.056501076559865075,0.0,-0.007438661607687,-0.33190255175129435
0.005176983380957473,0.0,-0.004952539778597442,0.026761932294974873,0.0,0.07719411784578448,-0.01579590471843005,-0.03394455360041044,-0.05066782053278099,0.30999698367452455,0.0,0.01199681052241768,0.18415671721056795
0.005685970015771486,0.0034456485642293533,0.0,0.026926415484897763,0.0,0.0,0.01543514098228514,0.03953826115478746,0.08153359363395044,-0.021895799207083493,0.00891400273509245,0.11576305793408827,0.21176520100364407
0.0,0.0,0.026265433031547342,0.06412809838245209,0.0053162797247432725,0.01665081736999882,0.031289255391027525,0.02800047623267692,-0.11775385502381153,-0.0598510173489187,0.0,-0.022742583854111955,0.13776392353628752
0.0,0.007378901359798039,-0.010179251282668755,0.033884634305273054,-0.060076825734408576,0.0,0.05050335039392253,0.019993593904212847,-0.07603699259453585,-0.12478196357203349,0.0,0.08281636535771164,0.140698572624261
0.0,0.0,0.0,-0.033989739228363645,-0.01498392588853421,0.005306234212016852,0.009821185596121471,-0.04419110341967704,0.021702650097389708,-0.1463004214017628,-0.01928667378585962,0.07772514029091314,0.1278650537216464
0.0,0.0,0.0,-0.020331264686045687,0.005977042736310945,-0.0056098919621134094,0.02424155919992151,0.007852771302463946,-0.05160630612514639,-0.07781561756557188,-0.004835764711171537,0.009241768942809835,-0.3760816727420867
0.01206626506728175,0.004441718909165858,0.0037111623387340864,0.09743783558014606,0.0,0.016142038087235952,0.06579753018399608,0.014686719645545403,0.0,-0.024013702348094478,0.0,-0.014467147867253519,0.17094901535093243
0.0,-0.010068171625277468,-0.009220523950062861,-0.022105354589091068,0.023731608325830395,0.014191086497757757,0.0,-0.027815565881355038,0.13758159216448296,-0.12262289127460609,0.0,-0.021276577486331168,0.14018061983985908
0.0,0.0,-0.007370538749573013,0.013571433523898101,0.005489864641281039,-0.01112606700573283,0.019050018233847686,0.030228325988475375,-0.09250781875747702,-0.03683902677361235,0.0,0.07007769285342974,-0.4795412595651661
-0.017542065473761984,0.0091202890657145,0.0,-0.012312121940174873,0.010028177656144551,0.013260615582221058,-0.006798223476024359,0.0,0.20329944090117513,-0.06344057431152002,0.0,-0.0047965965745822015,0.16797537119260064
0.0,0.0,-0.008281436639373408,0.03447133161048226,-0.0038188661829462456,0.05606551438763745,-0.02236504048736483,0.05796327154090168,-0.007821648970653612,0.16640749736377933,0.0,-0.004718239390002419,0.18563595843443723
0.0,0.0,0.0,-0.04428395649000236,-0.0071891032162474675,-0.029204239362770276,-0.057430471466984476,-0.04881974125405817,-0.2356761145015946,-0.006152432664763085,0.005790068674003723,-0.04101363005319024,0.0788200144407636
0.006465122535561682,0.0,0.0,-0.013614740339340292,-0.01554224038890498,0.0,0.010098179492195384,0.09140301637623088,0.25430162605686085,-0.06567204892908013,0.01716405411870234,0.01864326811813746,0.18845916404807364
-0.0023476861731950307,0.0,-0.003880149599653522,-0.01075377254136985,0.010505379876501408,-0.019496150209620606,-0.006855467661877183,0.0,0.0,-0.04302061780779668,-0.0019134344770489144,-0.008732887760129109,-0.40247258925643997
0.01938933820063572,-0.01080785657731742,0.0,0.0952267489062933,-0.01381251855457555,0.0,0.0806141247985235,-0.0634420220401659,0.017686039397211487,-0.060103117628653974,0.0,0.081361039319543,0.16846328373709646
-0.0043251255327250125,-0.0028859863345162755,0.0,-0.0061179823897698484,0.009042760490178664,0.007664608183795823,-0.007419727885038083,0.003747255107636238,0.04520037445132113,-0.02409117579742258,0.0,0.0,-0.5097823759040895
0.0,0.004331721197167229,-0.007781873419973995,-0.019405753442755164,0.0,0.0062969447764761165,0.023821391903797222,0.09630740077299746,0.1800115396574592,-0.024693353679309967,0.01827047881203366,0.0,0.18082092756657525
0.0,0.0,0.003729477674390913,0.019809450370131737,0.006625450362809922,0.007207869064489136,0.006632753208571645,-0.007788014578388563,-0.05634272492626424,-0.02060932239655989,0.0,0.010078590004551921,-0.45831090439436195
0.0,0.0,-0.00979704413909305,0.013439251595016521,-0.01809702408348552,-0.02831849309471845,0.05474000313857141,-0.046734367415468055,0.22392453052856137,-0.11129689353998194,0.0,-0.010748781207765122,0.15929609117874785
0.012729388735149293,0.0,0.0,0.0075538037704592975,-0.008249766071070417,0.0026003250679841328,0.01251241481383975,0.05022418730324299,0.2591240939948238,-0.053845807956189304,0.0,0.018036017775423678,0.20307322006087092
0.0,0.0019180396033869895,0.0,-0.038084416916459134,0.0044672392103260825,-0.025706327070331225,-0.005448786151614724,-0.041697921338666094,-0.24754692385930338,-0.11154020482508253,0.0,-0.02345683854215342,0.0664884224013306
0.0,0.0,-0.0029296632036344156,0.024175149196605593,0.0030540371435003877,-0.02575459611135231,0.005228411846643006,-0.009946977376330999,-0.07466987375876998,0.03005118288416141,0.0,-0.017320431023696188,-0.42085461520775597
-0.02399585189062901,0.00793783677967609,0.029095853269580602,0.003045079658900385,0.039804665956851434,0.0,0.010400741948516253,0.0982548683184437,0.05409791742025443,-0.12164177877002445,0.0,0.0,0.16179024970561368
0.0023626598174676383,0.0,0.0,-0.029775189671657914,-0.004294033212599597,0.0,-0.012339741627507792,0.030188078978781313,-0.081041930809181,-0.046907245603664695,0.005129706179631788,0.06631180312134786,-0.41860148278324705
0.0,0.0,-0.0033919025693888547,0.02200640422445316,0.0,0.006378499558387153,0.03419942294009333,-0.010246106177051762,-0.02641850646650116,-0.07351361291838272,0.0031087017343761625,-0.018576146203965124,-0.42251412973264973
0.0,-0.0105623663145277,0.0,0.0,0.013813983499249949,-0.08535186405855429,-0.013887675871616401,-0.01802326273334678,-0.12357586109195778,-0.1356383352493294,0.015564292731227794,-0.0660793559346283,0.0850986657454035
-0.016315489966716803,0.0,0.0030860587818647423,0.020660935928615436,0.02157062587664771,0.03745448348569134,-0.011962574874210504,0.04036666890315429,-0.017149213226727314,0.23211805787448847,0.0,0.0,0.19499834729473475
0.0,0.002105033696045533,0.0,0.013655624450472355,0.005762141542523408,0.00688972773343024,0.009138549595974516,0.005510074938784731,0.012965264168136101,-0.03174688168475743,0.0,0.007511254139513927,-0.5207581641907527
0.0,0.0,0.0,-0.029718172062121948,0.027953020485913544,0.014391989030499527,-0.015257284907334714,0.026139511399693355,-0.07449277257988908,-0.11385210474728677,-0.01922587714934431,-0.03531211242693295,0.11256414052099388
0.0,0.0,-0.03844280010603807,0.03216304992646866,0.013043457193842449,-0.01146523141719405,0.07487988159447004,-0.04045915492078262,0.05234647227935441,-0.11184958045740154,0.0,0.0734697135962896,0.16166534964408724
0.0,0.0,0.027146742354442765,0.0,0.019141991350394627,-0.028659322584061484,0.057449597962287956,-0.06444252889864943,-0.11183367001773688,-0.11778231392201599,-0.028263704556960728,-0.046879675936072715,0.10711022508175796
0.0,0.0,-0.006456372742094215,-0.04491255834470671,0.02514052178000759,0.0,-0.006162530180640169,-0.03316590482916501,-0.12493459330201873,-0.14987470551087745,-0.01707298235591871,-0.04854215420365453,0.08471756242079996
-0.011076311978690438,0.005986632323990048,0.0,0.002731147289149749,0.018674021660072062,0.0,0.025314641412409352,0.014580354964134361,0.18074448304107033,-0.0879298071247736,0.0,0.03927157578735428,0.180633943521765
0.0,0.0,0.0025745572997756816,0.006954076159580945,0.005388079911818269,-0.022899156671139887,-0.009395581202030944,0.030321089926043536,-0.08034711952591309,0.01564450127139199,0.0,0.006163111378585958,-0.4433709341587419
-0.012054590338940156,0.010243818711591234,-0.009535725028978386,-0.010487895781814076,0.00879828453475807,-0.004704706805353787,0.0,0.05468304669165145,0.18037774731250228,-0.07535337331228315,0.0,0.0,0.17722781354554978
0.0,0.0,-0.00270975988310007,-0.010509999975952712,-0.008081589057513014,-0.015538041366491846,0.01087072772301445,-0.020857705621480763,-0.06667923796341498,-0.0637661613925831,0.0,-0.016076383442173988,-0.29561922463093343
0.010962024899627972,0.0,0.0,-0.008122806846846548,-0.01686962979279494,0.004574371624472717,0.0,-0.013712432276646742,-0.040262309244932674,-0.0514474327339483,0.009008656015571975,0.04706217698050184,-0.4301599942356348
0.0,0.0,0.0,-0.04315828442382656,0.01529251239307293,-0.031193087102886697,-0.0110591783585323,-0.005998003749729891,-0.0286166543506138,-0.08402777678484084,-0.0158740992605847,0.019487489504486283,0.11925532288253686
-0.003511692724973705,0.0027508313508079634,0.0,-0.007250849754366581,0.009389932748392187,0.006827920971297304,0.0,0.006137156390532192,0.012053050711634752,-0.05620052824238195,-0.002121412198581696,0.0,-0.4570417848629899
0.005028497930368636,0.0,0.0,-0.006545058589699373,-0.008532243045750957,-0.017781910353789416,0.005780041080678284,-0.007262310514894997,0.06838859337332871,-0.04285848354644687,0.0,-0.004908545848653809,-0.4802759560957696
0.0,0.0,-0.015405365689097096,0.014359447457144535,-0.021417507335610556,-0.014685756923854005,0.0,0.08277737258565628,-0.07019348070984564,-0.07619345493387882,0.01584363497909398,-0.047769740828672226,0.13532287682755767
0.0,0.0,0.005327130703317368,0.03133671254381652,0.0,0.009533094882107363,0.05824300261538358,0.030493561468064666,-0.12581030766876986,-0.12446708146779174,0.004347945219313559,0.041179374170212585,0.12896766402302073
0.0,0.0028290551884620485,0.003802952673821,0.0,0.010494541650403874,0.02839657503209358,0.025546216995162907,0.08899271171834423,0.05670381395108538,0.07762019127256321,0.0,-0.020042489632263023,0.18204327879104015
0.008089823492304686,0.0,0.0,0.03890957968283933,-0.010291344329693511,0.07455465545643805,0.0,-0.012326178778844956,-0.07741186698980096,0.2905331117915509,0.004271448407973444,0.008519667544773481,0.18424687517985372
0.0,0.0,0.004503129194136424,-0.006924810786664609,-0.0026962522109352806,0.008014105120962884,0.0,-0.0029052388469277064,0.008068686113783148,-0.05539353901916904,-0.002402501562922356,-0.018448420569893566,-0.4207825330429993
-0.00188879014869207,0.0027080684244146663,-0.002540685947588114,0.0,0.0,0.06971546441590196,0.0011071472298330165,0.003164045585863937,-0.04287657660306589,0.28250681470639727,0.0,-0.006368794368244676,0.1726926800760263
0.0,-0.007677568973132644,0.0,0.0,0.01586197314749831,0.03276650202158369,-0.018936268012915064,-0.0559407981722897,0.17601882701941574,0.10720799139523138,0.002825301108570266,-0.027840033709052754,0.18202199334519253
0.0,0.0,-0.005973082253890982,-0.036430018269654516,0.0,-0.027416538745970734,-0.025812974008224028,-0.04452099876543731,-0.2160922109004535,-0.09738136407683179,-0.008938202387657955,-0.022481341846001687,0.06720308230946676
-0.0030250231001130445,0.0,0.0,0.06700012493184279,0.015883390670590608,0.03512486624538761,-0.03279965205426815,-0.05952961327836198,-0.1940820296219874,0.11934297380797654,0.0,-0.019258434670374084,0.1304944935579819
-0.0034226141267965637,0.0,0.00475626410394792,0.026754779578417466,0.0,0.003870703855174772,0.026555012772162948,0.03341837968194684,-0.045136185999308936,-0.05181951098062322,0.0,-0.00965144794910691,-0.47429275654644376
0.02103982459814165,0.0,0.004768920869305833,0.0,-0.02461225014211791,0.07581920770545594,-0.016833128103406984,-0.006349453605278055,-0.03211384420029008,0.2885029034755813,0.011884941516583505,0.0,0.18436729667084217
0.04761999570442251,0.0,0.01408414816644413,0.011911761862582047,-0.03366817877453241,0.07715970465463162,-0.010896748522466027,0.0,-0.14043848858899588,0.3456957972668961,0.0,-0.013923920356891054,0.16181281607313533
0.007954635315388165,0.0,0.004649783344767122,-0.007322361468075327,0.0,-0.01312642548817678,-0.009200738081375193,-0.005010799533011233,-0.012608518421095798,0.043645586817560096,0.0,-0.004014167280509773,-0.49393437081610075
-0.016411156509699276,-0.007442601580892129,0.0,-0.022202046620444442,0.014817710045862853,0.007410147137785816,-0.013653142512461889,0.0,0.16878541418905751,0.05607446678492869,0.0,-0.008689812168813189,0.17660028510463752
0.0,-0.0013818592229787319,0.0,0.010428800352425577,-0.004350138409526954,-0.04184500515239086,-0.01163740809878982,-0.009704469522394241,-0.018202713405739642,0.05918789095851604,0.0,-0.005267531422992001,-0.4661949416867588
0.0,0.0,0.008454178662052225,0.0,-0.021593068049990713,-0.03648577719500536,0.010039670478274981,-0.03098933663329696,-0.07736845020510937,-0.05550910046278082,0.02108777350432879,-0.04892613385695738,0.10945284966564696
-0.005546154375244944,0.0,0.0,0.028004070094425515,0.00652496266445208,0.004455268843216507,0.03502721838703336,-0.014393991797858925,-0.008163417261164818,-0.09616679696158113,0.0,0.08913481623959724,0.1569579886596451
0.0,0.0,0.0018844728433087266,0.01483799301030194,0.005795875798290236,-0.014469964067550911,0.03080323343742576,0.0039691604004294685,0.02291103009024251,-0.05876572882351483,0.0,-0.0089593582939276,-0.4869740900056347
0.0,0.0,-0.009970110452699943,0.0072364011405330895,0.004499252087570798,-0.03624920914269306,-0.00909776305390464,0.051157216465798946,0.20042092316797713,0.08133918299589811,0.0,0.01194117568450718,0.2097542441941978
0.0,0.004465244761088241,0.0,0.05016876617922913,0.0,-0.05026858509518697,0.023092897538707236,-0.00319670231901165,-0.02539966653798651,-0.004401965765902755,-0.003515486657170343,-0.022267329879413367,0.14639398871363205
0.0,0.0,-0.00765270586401095,0.011360006322129943,0.003226893642686468,0.06148149181192651,-0.0183176639091187,0.03836429038546645,-0.03167212233560648,0.19563032533657537,0.0,0.05867568858280968,0.1927613324877403
0.0,0.0,0.012087978089053078,0.015869063296922396,0.013716875758920407,0.01032014042047269,0.06853648371689935,0.02745174512466855,-0.10943609870122756,-0.17102688759269008,0.0,-0.04264856578588259,0.11705498340978376
-0.008090767021918688,0.0,0.0,0.005031275813146043,0.006185260793500534,0.024196655252278935,-0.010534070956278013,0.03831233527621209,0.14090385684200987,0.11927512210796183,0.0,-0.015069343435155648,0.2107514893996204
0.0,-0.0050044779066475975,-0.005023008509873245,0.011664198536323766,0.0,0.05470951493401538,-0.0170041190863392,-0.006830049712943676,0.0654875604167346,0.16220799521924698,0.0,-0.05216572533571428,0.17969811088415888
-0.014043597497802552,0.0,0.02790080257525394,0.0,-0.03359934467896561,0.014416073884820385,0.058437405798142224,-0.062059632151558464,-0.013363900692898226,-0.17109401132851132,0.0,-0.057586144074149824,0.11390230428874364
-0.0035762371872025294,0.0,0.0,0.0,0.01069925679903168,0.005057739650069716,0.016290592205563722,-0.015325947709745717,0.02088519469177352,-0.06588246384972526,-0.0017900664140826916,-0.00530812826655629,-0.45001731552975555
0.0041042545244759365,0.0,-0.00799961577605371,0.049408165611846806,0.0,0.05885458161327808,-0.020654331795383195,0.06284449500251131,-0.07244537225226658,0.2047230221457569,0.0,-0.025888182116988515,0.1766342510212133
0.0,0.0,0.0,0.009505245643344486,0.007828009846360225,-0.024725824641834954,-0.006378155956498422,-0.01872101813732258,-0.04709905029727768,0.010233425646220701,-0.002678533546424944,0.01675702624048802,-0.4336885004076842
-0.0005450062572165404,0.0,-0.003927586842975159,0.00817792554573,0.0,0.034488707564940796,-0.015829744853559938,-0.010242205516784786,0.15237687795928384,0.14892910801406,0.0,-0.010785152606774389,0.20836860133841612
-0.0034763252847410664,0.0,0.0,0.013877358251510964,0.007093081379079035,0.006168641936444486,0.005215745008037129,-0.015864529460639744,0.04285082223346998,-0.014732482851179746,0.0,0.020020855867707646,-0.5501205426903182
0.02831881532273883,0.0,0.0,0.009660901512906106,-0.03469466981104692,0.02145661821035391,0.021826767895611186,-0.047973739358364645,0.1925088196849879,-0.08474424325539728,0.011558109077515808,0.0,0.16542347551015113
0.0,0.022106062049638272,0.0,0.0,0.010198845006426802,-0.10513301866148701,-0.03429226838243119,0.027136940164539915,-0.23222996690900766,0.15637863796643067,0.01288160873789637,-0.014646874081330696,0.12141490198891422
0.0,-0.0006455946639968291,-0.0032632083895743377,-0.02220301361839497,0.0028158140930238116,-0.01435908061710905,0.0,-0.009503013953885071,-0.11509129388145911,-0.056236036738650325,0.0,0.02387322230168244,-0.294355170142266
0.0,0.0,0.006907970045064993,-0.012155923676302907,0.0,-0.014233402428807895,0.01606522876568462,0.008136473080010564,-0.0857872895346766,-0.06310433634399758,-0.00664679335089661,0.009061605362547534,-0.3472109075292556
0.0075928888423200174,0.0,0.006685204540713547,0.02697207703044479,-0.006423091085996875,0.00866209419350002,0.0,-0.010739262795565592,-0.0056147755989432125,0.021792959948617966,0.0,-0.004858670293467315,-0.5330368003922528
-0.003941681795382948,0.0,-0.00543576824926746,0.0031202460522702924,-0.0038826210936987867,0.07432590833051264,0.0,-0.015658276134016446,0.05679562009472488,0.23456699448057852,0.0,-0.03278488533458812,0.18536626125982625
-0.006182810881641521,0.0,0.008735835426028555,0.02883692807788809,0.016196025288320225,0.011727856799251004,0.06518715641807243,-0.024103562399929657,0.15554806858065617,-0.1321372843615612,0.0,0.0,0.17098096556902603
-0.004676845615963751,0.0,-0.0030272702083827185,0.01713377063498742,0.006376781225276165,0.006247004982723353,0.0,0.009328592069190294,-0.04720916353150902,-0.0023107956073220026,0.0,0.02976556481404971,-0.5005950143736788
0.0,0.0,-0.007300452552380151,-0.01256517680673171,0.009605965226620994,-0.012588881382465686,0.0,-0.029017834999800596,-0.03611972219474172,-0.0455947484259895,-0.0030717848260667464,0.0318325231061099,-0.3841472627551842
-0.0008152937091998602,0.0,-0.0019457782959320183,-0.0019925918931386396,0.0,-0.008321407801730562,-0.008194607302490012,-0.00781792873569187,-0.04007146138260436,-0.01448986939865784,-0.001772858755147592,0.0,-0.40354557833603666
0.011792387418141037,0.0034262714757475887,0.0,-0.011441889333500236,-0.009249023984889977,0.023773565577547912,-0.010704443511556742,0.0,0.14000812215600236,0.12347671504897217,0.0,0.024193567949708308,0.21574256964129382
0.0,0.0,-0.0024938695647628295,0.026397151921420572,0.006664534017041065,0.05431352724283271,-0.018423727781820786,-0.01170348647285404,-0.0298536063266714,0.21734265349502166,0.0,0.06775270092342098,0.19582140012254082
-0.0027432799987785472,0.0,0.0,0.0,-0.02495305254443424,0.012848906850170295,0.023126562541222872,-0.05258706089017829,-0.24424897096965154,-0.14184423278139976,0.016564311793529997,-0.0031454437152613843,0.08448317121447978
-0.0012353009717767324,0.0,0.0,-0.01942804519060116,0.002045644049242956,-0.0125889891952477,0.0,0.03307489693638577,-0.08484727874651746,-0.05486417653856392,-0.005060277748490567,0.004515632304721057,-0.35057948050978177
0.0,0.0,0.0,0.10792440027306888,0.004030788306520134,0.013233521625850165,0.021603935758102336,0.04049134173592723,-0.032427895841756975,0.0792216517135169,0.0033306012391369766,0.030112182842393868,0.19341343912857883
0.0,0.0,0.01643451765951125,0.018044926882736432,0.0,-0.03022364118419404,0.05512699272694057,-0.02139201689743747,0.07060423162477997,-0.09958447645371438,0.01379114142059167,-0.031087775932286968,0.14803036537725187
0.0,0.0,-0.009981413995561407,0.01677508327407336,0.008164744335361818,0.005802020673415453,0.010529728510630516,0.031438470325816384,-0.07930620215211352,-0.030926254245400325,0.0,-0.017032393068526063,-0.42443115926832564
0.0,0.011828292935145297,0.010814050458856238,0.08858843973604759,0.0,0.0337261185694694,-0.020922846089288277,0.0,-0.09435248828319324,0.08676876844235726,0.005318353043203217,0.04356594643579127,0.16079782453679486
0.0,-0.0013506000801826734,0.003809944988362894,-0.029584782903842106,0.0,0.0022292390422423186,-0.004912222252695993,0.021428910009901193,-0.08284742753011178,-0.05336435111262227,0.0,0.0865637730146659,-0.43093985878634683
